name,id,gender,uid,department
"James Cameron",4762,2,2710,Directing
"Gore Verbinski",4763,2,1704,Directing
"Sam Mendes",4764,2,39,Directing
"Christopher Nolan",4765,2,525,Directing
"Andrew Stanton",4766,2,7,Directing
"Sam Raimi",4767,2,7623,Directing
"Byron Howard",4768,2,76595,Directing
"Joss Whedon",4769,2,12891,Directing
"David Yates",4770,2,11343,Directing
"Zack Snyder",4771,2,15217,Directing
"Bryan Singer",4772,2,9032,Directing
"Marc Forster",4773,2,12995,Directing
"Andrew Adamson",4774,2,5524,Directing
"Rob Marshall",4775,2,17633,Directing
"Barry Sonnenfeld",4776,2,5174,Directing
"Peter Jackson",4777,2,108,Directing
"Marc Webb",4778,2,87742,Directing
"Ridley Scott",4779,2,578,Directing
"Chris Weitz",4780,0,3288,Directing
"Anthony Russo",4781,2,19271,Directing
"Peter Berg",4782,2,36602,Directing
"Colin Trevorrow",4783,2,930707,Directing
"Shane Black",4784,2,1108,Directing
"Tim Burton",4785,2,510,Directing
"Brett Ratner",4786,2,11091,Directing
"Dan Scanlon",4787,2,225976,Directing
"Michael Bay",4788,2,865,Directing
"Joseph Kosinski",4789,2,86270,Directing
"John Lasseter",4790,2,7879,Directing
"Martin Campbell",4791,2,10702,Directing
"Lee Unkrich",4792,2,8,Directing
McG,4793,2,36425,Directing
"James Wan",4794,2,2127,Directing
"J.J. Abrams",4795,2,15344,Directing
"Baz Luhrmann",4796,2,6201,Directing
"Mike Newell",4797,2,10723,Directing
"Guillermo del Toro",4798,2,10828,Directing
"Steven Spielberg",4799,2,488,Directing
"Peter Sohn",4800,2,21198,Directing
"Brenda Chapman",4801,1,59803,Directing
"Justin Lin",4802,0,58189,Directing
"Roland Emmerich",4803,2,6046,Directing
"Robert Zemeckis",4804,2,24,Directing
"Lilly Wachowski",4805,1,9339,Directing
"Pete Docter",4806,2,12890,Directing
"Conrad Vernon",4807,2,12080,Directing
"Jon Favreau",4808,2,15277,Directing
"Martin Scorsese",4809,2,1032,Directing
"Rob Cohen",4810,2,18878,Directing
"David Ayer",4811,0,19769,Directing
"Tom Shadyac",4812,2,4499,Directing
"Doug Liman",4813,2,11694,Directing
"Kevin Reynolds",4814,0,8300,Directing
"Stephen Sommers",4815,2,7775,Directing
"Rupert Sanders",4816,2,228134,Directing
"Robert Stromberg",4817,0,1032536,Directing
"Matt Reeves",4818,2,32278,Directing
"Roland Joffé",4819,0,8965,Directing
"Carl Rinsch",4820,0,239571,Directing
"Mike Mitchell",4821,2,64151,Directing
"Brad Bird",4822,2,7087,Directing
"Chris Williams",4823,2,70238,Directing
"Rich Moore",4824,2,165787,Directing
"Chris Sanders",4825,2,66193,Directing
"Jonathan Mostow",4826,2,7213,Directing
"James Gunn",4827,2,15218,Directing
"Hideaki Anno",4828,2,77921,Directing
"David Fincher",4829,2,7467,Directing
"Matthew Vaughn",4830,2,957,Directing
"Francis Lawrence",4831,2,10943,Directing
"Jon Turteltaub",4832,2,12962,Directing
"Wolfgang Petersen",4833,2,5231,Directing
"James Bobin",4834,0,26205,Directing
"Chris Miller",4835,2,12098,Directing
"Duncan Jones",4836,2,81850,Directing
"Alan Taylor",4837,2,47005,Directing
"Michael Apted",4838,2,10781,Directing
"Oliver Stone",4839,2,1152,Directing
"Jan Pinkava",4840,2,7930,Directing
"Eric Darnell",4841,2,18863,Directing
"Shawn Levy",4842,2,17825,Directing
"Gavin Hood",4843,2,13079,Directing
"Chris Buck",4844,0,15774,Directing
"George Miller",4845,2,20629,Directing
"Ron Howard",4846,2,6159,Directing
"Kenneth Branagh",4847,2,11181,Directing
"Hoyt Yeatman",4848,0,84851,Directing
"Jonathan Liebesman",4849,0,66739,Directing
"Christopher McQuarrie",4850,0,9033,Directing
"Joe Johnston",4851,2,4945,Directing
"Steve Hickner",4852,2,44113,Directing
"Jennifer Yuh Nelson",4853,1,142312,Directing
"M. Night Shyamalan",4854,2,11614,Directing
"Simon Wells",4855,2,21879,Directing
"David Bowers",4856,2,33183,Directing
"Joe Wright",4857,2,36588,Directing
"Rob Minkoff",4858,2,18898,Directing
"Lee Tamahori",4859,2,7256,Directing
"Paul Feig",4860,2,116805,Directing
"Peter Ramsey",4861,2,151007,Directing
"Dean Parisot",4862,2,15002,Directing
"Edward Zwick",4863,2,9181,Directing
"Dean DeBlois",4864,2,69797,Directing
"Alex Proyas",4865,2,21085,Directing
"Richard Donner",4866,2,7187,Directing
"Ang Lee",4867,2,1614,Directing
"Jon M. Chu",4868,2,54507,Directing
"Breck Eisner",4869,2,52609,Directing
"Hironobu Sakaguchi",4870,0,21692,Directing
"Peter Weir",4871,2,2690,Directing
"Bill Condon",4872,2,15557,Directing
"Louis Leterrier",4873,2,18865,Directing
"Alejandro González Iñárritu",4874,2,223,Directing
"David Soren",4875,0,94075,Directing
"Paul Greengrass",4876,2,25598,Directing
"Mark Osborne",4877,2,57741,Directing
"Peyton Reed",4878,2,59026,Directing
"Tim Johnson",4879,2,52870,Directing
"Phillip Noyce",4880,2,13015,Directing
"Darren Aronofsky",4881,2,6431,Directing
"Alfonso Cuarón",4882,2,11218,Directing
"Ralph Zondag",4883,2,65855,Directing
"Tom McGrath",4884,2,18864,Directing
"Chris Columbus",4885,2,10965,Directing
"Robert Schwentke",4886,2,57270,Directing
"Carlos Saldanha",4887,2,5714,Directing
"Guy Ritchie",4888,2,956,Directing
"Paul Verhoeven",4889,2,10491,Directing
"John McTiernan",4890,0,1090,Directing
"Tony Gilroy",4891,2,19242,Directing
"Joel Schumacher",4892,2,5572,Directing
"John Woo",4893,2,11401,Directing
"Tim Story",4894,2,20400,Directing
"Mark Steven Johnson",4895,2,16837,Directing
"Neill Blomkamp",4896,2,82194,Directing
"David Twohy",4897,0,28239,Directing
"José Padilha",4898,2,52576,Directing
"James L. Brooks",4899,2,3388,Directing
"James Mangold",4900,2,366,Directing
"George Lucas",4901,2,1,Directing
"Thomas Langmann",4902,2,20674,Directing
"Cedric Nicolas-Troyan",4903,0,1454884,Directing
"Roger Donaldson",4904,2,21370,Directing
"Dave Green",4905,0,1101410,Directing
"Josh Trank",4906,2,934803,Directing
"Brad Peyton",4907,2,132876,Directing
"Roger Spottiswoode",4908,2,1724,Directing
"Steven Soderbergh",4909,2,1884,Directing
"Rob Letterman",4910,0,65630,Directing
"Michel Gondry",4911,2,201,Directing
"Noam Murro",4912,0,78914,Directing
"Raja Gosnell",4913,2,1215,Directing
"Will Finn",4914,2,70287,Directing
"Jan de Bont",4915,2,2209,Directing
"Len Wiseman",4916,2,3950,Directing
"Frank Coraci",4917,2,57370,Directing
"Michael Mann",4918,2,638,Directing
"Bo Welch",4919,2,5133,Directing
"Ron Clements",4920,2,15810,Directing
"Peter Chelsom",4921,2,36804,Directing
"Dominic Sena",4922,2,58498,Directing
"Tony Scott",4923,2,893,Directing
"Paul Weitz",4924,2,3289,Directing
"Adam McKay",4925,2,55710,Directing
"Chuck Russell",4926,2,26713,Directing
"Quentin Tarantino",4927,2,138,Directing
"Gary Trousdale",4928,2,62047,Directing
"Mark Dindal",4929,2,61411,Directing
"Simon West",4930,2,12786,Directing
"Stefen Fangmeier",4931,0,25453,Directing
"Spike Jonze",4932,2,5953,Directing
"Chris Wedge",4933,2,5713,Directing
"Florian Henckel von Donnersmarck",4934,2,8193,Directing
"Peter Hyams",4935,2,37710,Directing
"Tom Tykwer",4936,2,1071,Directing
Pitof,4937,2,4586,Directing
"Brad Silberling",4938,0,11887,Directing
"Patrick Hughes",4939,2,143059,Directing
"Ericson Core",4940,2,21673,Directing
"Lawrence Guterman",4941,0,64191,Directing
"Ron Underwood",4942,2,33485,Directing
"Steve Martino",4943,2,71729,Directing
"David Mamet",4944,2,1255,Directing
"Zhang Yimou",4945,2,607,Directing
"Ash Brannon",4946,2,12905,Directing
"Frank Oz",4947,2,7908,Directing
"Jay Roach",4948,2,6737,Directing
"Luc Besson",4949,2,59,Directing
"Michael Patrick King",4950,2,38023,Directing
"Don Michael Paul",4951,2,27005,Directing
"Sergei Bodrov",4952,0,130938,Directing
"Wally Pfister",4953,2,559,Directing
"Rupert Wyatt",4954,0,77357,Directing
"Mark Waters",4955,2,54050,Directing
"John Moore",4956,2,12028,Directing
"John Lee Hancock",4957,2,54040,Directing
"Renny Harlin",4958,2,16938,Directing
"Phil Lord",4959,0,107446,Directing
"Ben Stiller",4960,2,7399,Directing
"Tony Bancroft",4961,2,66190,Directing
"Timur Bekmambetov",4962,2,23430,Directing
"Walt Becker",4963,2,68573,Directing
"Dennis Dugan",4964,2,17494,Directing
"Sydney Pollack",4965,2,2226,Directing
"Thor Freudenthal",4966,2,109857,Directing
"Brian De Palma",4967,2,1150,Directing
"Mick Jackson",4968,2,8843,Directing
"Alan J. Pakula",4969,2,6349,Directing
"Kathryn Bigelow",4970,1,14392,Directing
"John Milius",4971,2,8328,Directing
"Andrei Konchalovsky",4972,2,58728,Directing
"Gary Ross",4973,2,23964,Directing
"Paul W.S. Anderson",4974,2,4014,Directing
"Genndy Tartakovsky",4975,0,185438,Directing
"Kevin Lima",4976,2,15775,Directing
"Daniel Espinosa",4977,2,125738,Directing
"Nancy Meyers",4978,1,17698,Directing
"Jill Culton",4979,1,7881,Directing
"Neil Burger",4980,2,17329,Directing
"Jean-Jacques Annaud",4981,2,2352,Directing
"Barry Cook",4982,2,66191,Directing
"Martin Brest",4983,2,769,Directing
"Andrew Davis",4984,2,12989,Directing
"Bob Fosse",4985,0,66777,Directing
"Tarsem Singh",4986,2,56512,Directing
"Edgar Wright",4987,2,11090,Directing
"Jon Amiel",4988,2,15148,Directing
"Peter Segal",4989,2,13426,Directing
"Pete Travis",4990,0,43141,Directing
"George A. Romero",4991,2,14999,Directing
"Sylvester Stallone",4992,2,16483,Directing
"Todd Phillips",4993,2,57130,Directing
"Karey Kirkpatrick",4994,2,52845,Directing
"Gary Winick",4995,2,17046,Directing
"Mimi Leder",4996,1,51984,Directing
"Seth Gordon",4997,2,71600,Directing
"Adam Shankman",4998,2,20739,Directing
"D.J. Caruso",4999,2,40256,Directing
"Anthony Minghella",5000,2,2239,Directing
"Albert Hughes",5001,2,11447,Directing
"Les Mayfield",5002,0,56911,Directing
"Joe Pytka",5003,2,23677,Directing
"Scott Derrickson",5004,2,55499,Directing
"Ivan Reitman",5005,2,8858,Directing
"Eric Brevig",5006,2,9622,Directing
"Kelly Asbury",5007,2,12079,Directing
"Stephen Hopkins",5008,2,2042,Directing
"Jonathan Demme",5009,2,16294,Directing
"Henry Jaglom",5010,2,117075,Directing
"James Algar",5011,2,5690,Directing
"Vincent Ward",5012,0,9198,Directing
"Steven Brill",5013,2,32593,Directing
"Terry Gilliam",5014,2,280,Directing
"Lucile Hadzihalilovic",5015,0,17627,Directing
"Roger Christian",5016,2,5058,Directing
"Joe Dante",5017,2,4600,Directing
"Kevin Costner",5018,2,1269,Directing
"Antony Hoffman",5019,2,56154,Directing
"Jacques Perrin",5020,2,20030,Directing
"Andrés Couturier",5021,0,1172908,Directing
"Roger Allers",5022,2,15812,Directing
"Cody Cameron",5023,2,12095,Directing
"John Singleton",5024,2,6482,Directing
"Oliver Hirschbiegel",5025,2,7832,Directing
"Des McAnuff",5026,2,588701,Directing
"Chris Renaud",5027,0,124748,Directing
"Stephen Norrington",5028,2,10808,Directing
"Pierre Coffin",5029,2,124747,Directing
"David Kellogg",5030,2,4759,Directing
"Mike Nichols",5031,2,5342,Directing
"Vicky Jenson",5032,1,12058,Directing
"F. Gary Gray",5033,2,37932,Directing
"Antoine Fuqua",5034,2,20907,Directing
"Robert Luketic",5035,2,36797,Directing
"Gil Kenan",5036,2,57193,Directing
"Barry Levinson",5037,2,8246,Directing
"Jerry Zucker",5038,2,3415,Directing
"Andy Tennant",5039,2,17167,Directing
"Florent-Emilio Siri",5040,0,1011158,Directing
"Gary Goldman",5041,2,12881,Directing
"Ron Shelton",5042,2,4037,Directing
"Àlex Pastor",5043,2,94220,Directing
"Henry Selick",5044,2,57646,Directing
"Kyle Balda",5045,0,8023,Directing
"Fergal Reilly",5046,0,52701,Directing
"Judd Apatow",5047,2,41039,Directing
"Steve Carr",5048,2,52112,Directing
"Mel Gibson",5049,2,2461,Directing
"David Silverman",5050,2,197,Directing
"Frank Darabont",5051,2,4027,Directing
"Betty Thomas",5052,1,31024,Directing
"Garry Marshall",5053,2,1201,Directing
"Paul Tibbitt",5054,0,217174,Directing
"Clark Johnson",5055,2,47640,Directing
"Cameron Crowe",5056,2,11649,Directing
"Randall Wallace",5057,2,2460,Directing
"Jonathan Frakes",5058,2,2388,Directing
"George Clooney",5059,2,1461,Directing
"Gary Shore",5060,0,1167470,Directing
"Andrzej Bartkowiak",5061,2,10765,Directing
"Måns Mårlind",5062,2,80923,Directing
"Gregory Hoblit",5063,2,17812,Directing
"Gary McKendry",5064,0,141688,Directing
"Wych Kaosayananda",5065,0,65615,Directing
"Mikael Salomon",5066,2,30149,Directing
"Bobby Farrelly",5067,2,7395,Directing
"Dan St. Pierre",5068,0,15780,Directing
"Kerry Conran",5069,2,41378,Directing
"Michael Caton-Jones",5070,2,30365,Directing
"Mikael Håfström",5071,0,29605,Directing
"Phil Alden Robinson",5072,2,23968,Directing
"David Slade",5073,2,27571,Directing
"Joseph Ruben",5074,2,52629,Directing
"Seth MacFarlane",5075,2,52139,Directing
"Alejandro Amenábar",5076,2,19840,Directing
"Kinka Usher",5077,0,59646,Directing
"Craig Gillespie",5078,0,50767,Directing
"Rob Bowman",5079,2,12523,Directing
"Doug Lefler",5080,0,58656,Directing
"Scott Waugh",5081,2,293911,Directing
"Lawrence Kasdan",5082,2,8844,Directing
"Michael Lembeck",5083,2,15045,Directing
"Tom Hooper",5084,2,70500,Directing
"Nora Ephron",5085,0,9248,Directing
"Angelina Jolie",5086,1,11701,Directing
"Clint Eastwood",5087,2,190,Directing
"Larry Charles",5088,2,6767,Directing
"Stanley Kubrick",5089,2,240,Directing
"Will Gluck",5090,2,82511,Directing
"Glenn Ficarra",5091,2,56411,Directing
"David S. Goyer",5092,2,3893,Directing
"Taylor Hackford",5093,0,18596,Directing
"Michael Lehmann",5094,2,7145,Directing
"Stuart Beattie",5095,0,1707,Directing
"Roman Polanski",5096,2,3556,Directing
"Robert Rodriguez",5097,0,2294,Directing
"Baltasar Kormákur",5098,2,67813,Directing
"Daniel Lee",5099,2,57832,Directing
"Keenen Ivory Wayans",5100,2,35689,Directing
"Rob Reiner",5101,2,3026,Directing
"Marco Schnabel",5102,2,71527,Directing
"Demian Lichtenstein",5103,2,71418,Directing
"Josh Gordon",5104,2,60922,Directing
"Tim Hill",5105,2,49903,Directing
"David Frankel",5106,2,5065,Directing
"Marc Lawrence",5107,2,18323,Directing
"Peter Billingsley",5108,2,12708,Directing
"Wes Ball",5109,0,1179066,Directing
"Ryan Murphy",5110,2,52779,Directing
"Robert Redford",5111,2,4135,Directing
"Jay Russell",5112,2,46297,Directing
"Kenny Ortega",5113,2,65310,Directing
"David McNally",5114,2,48980,Directing
"Brian Robbins",5115,2,53177,Directing
"Brian Levant",5116,2,13581,Directing
"Steven Zaillian",5117,2,2260,Directing
"Sam Fell",5118,2,58897,Directing
"Jon Avnet",5119,2,18250,Directing
"Robert Stevenhagen",5120,0,64152,Directing
"Kevin Donovan",5121,2,66654,Directing
"Geoff Murphy",5122,2,32277,Directing
"David O. Russell",5123,2,17883,Directing
"Babak Najafi",5124,2,132239,Directing
"Jean-Pierre Jeunet",5125,2,2419,Directing
"Anthony Stacchi",5126,2,52691,Directing
"Griffin Dunne",5127,0,2171,Directing
"John Pasquin",5128,2,58072,Directing
"Ruben Fleischer",5129,2,91268,Directing
"Harold Ramis",5130,2,1524,Directing
"Kevin Macdonald",5131,2,17350,Directing
"Donald Petrie",5132,2,18281,Directing
"Jorge Blanco",5133,2,117052,Directing
"Stuart Baird",5134,2,2523,Directing
"Joel Coen",5135,0,1223,Directing
"Robert Lorenz",5136,2,4746,Directing
"Harold Becker",5137,2,23213,Directing
"Scott Stewart",5138,0,116357,Directing
"Tony Bill",5139,2,57138,Directing
"Rod Lurie",5140,2,21526,Directing
"Walter Hill",5141,2,1723,Directing
"Akiva Goldsman",5142,2,5575,Directing
"Harald Zwart",5143,2,21981,Directing
"Walter Salles",5144,2,8574,Directing
"Iain Softley",5145,2,1978,Directing
"Frank Miller",5146,2,2293,Directing
"David Koepp",5147,2,508,Directing
"Uwe Boll",5148,2,23799,Directing
"Soi Cheang",5149,2,93991,Directing
"John Dahl",5150,2,21053,Directing
"Tim Miller",5151,2,55252,Directing
"Stephen Herek",5152,2,18356,Directing
"Peter MacDonald",5153,2,16589,Directing
"Anthony Hemingway",5154,0,1216147,Directing
"Sean Anders",5155,2,74619,Directing
"Brian Taylor",5156,2,20192,Directing
"John Madden",5157,0,18844,Directing
"Kevin Bray",5158,2,34453,Directing
"Mike Gabriel",5159,2,65530,Directing
"Sam Weisman",5160,2,54967,Directing
"Jesse Dylan",5161,2,54584,Directing
"Wayne Wang",5162,0,39819,Directing
"Gabriele Muccino",5163,2,20646,Directing
"Tom Dey",5164,2,46076,Directing
"Jimmy Hayward",5165,2,8029,Directing
"Alan Parker",5166,2,9168,Directing
"John Frankenheimer",5167,2,13776,Directing
"Paul King",5168,2,101666,Directing
"Akiva Schaffer",5169,2,62854,Directing
"William Friedkin",5170,0,15175,Directing
"Kent Alterman",5171,2,65702,Directing
"Peter Lord",5172,2,53304,Directing
"Shekhar Kapur",5173,2,37630,Directing
"Karyn Kusama",5174,1,54025,Directing
"Ronald F. Maxwell",5175,2,66088,Directing
"Robert Butler",5176,2,101767,Directing
"Steve Antin",5177,2,42745,Directing
"Jim Gillespie",5178,2,33254,Directing
"Francis Ford Coppola",5179,2,1776,Directing
"Richard Lester",5180,0,10586,Directing
"Scott Cooper",5181,2,65167,Directing
"Curtis Hanson",5182,2,323,Directing
"Phyllida Lloyd",5183,1,71068,Directing
"Jay Chandrasekhar",5184,2,52049,Directing
"Terrence Malick",5185,2,30715,Directing
"David Dobkin",5186,2,42994,Directing
"Milo Forman",5187,2,3974,Directing
"Pierre Morel",5188,2,35453,Directing
"Paul Hunter",5189,2,70573,Directing
"Steve Oedekerk",5190,2,4489,Directing
"John Whitesell",5191,2,61175,Directing
"George Nolfi",5192,2,1921,Directing
"Neil Jordan",5193,0,17016,Directing
"Rawson Marshall Thurber",5194,0,57633,Directing
"Spike Lee",5195,2,5281,Directing
"Brian Helgeland",5196,2,4723,Directing
"Frank Marshall",5197,2,664,Directing
"Hideo Nakata",5198,2,26875,Directing
"Peter Hewitt",5199,2,18357,Directing
"Joe Roth",5200,0,18311,Directing
"Bennett Miller",5201,2,5345,Directing
"Jaume Collet-Serra",5202,2,59521,Directing
"Andy Fickman",5203,2,58375,Directing
"James McTeigue",5204,2,11266,Directing
"Matthew O'Callaghan",5205,2,61290,Directing
"Angela Robinson",5206,1,7312,Directing
"Gary Fleder",5207,2,5501,Directing
"Tommy Wirkola",5208,2,76927,Directing
"Adrian Lyne",5209,2,7270,Directing
"Stephen Gaghan",5210,2,2945,Directing
"Jorge R. Gutierrez",5211,0,1265056,Directing
"Richard Loncraine",5212,2,33315,Directing
"Christophe Gans",5213,2,8296,Directing
"Howard Deutch",5214,2,26502,Directing
"Jon Hurwitz",5215,2,68843,Directing
"Steven Quale",5216,2,93214,Directing
"John Landis",5217,2,4610,Directing
"Alexander Witt",5218,2,17649,Directing
"Beeban Kidron",5219,1,20237,Directing
"Carl Franklin",5220,0,21712,Directing
"Steven Seagal",5221,2,23880,Directing
"Danny Boyle",5222,2,2034,Directing
"Andrew Bergman",5223,0,41550,Directing
"Barbet Schroeder",5224,2,23393,Directing
"Peter Webber",5225,2,16785,Directing
"Andrew Niccol",5226,2,8685,Directing
"John Carpenter",5227,2,11770,Directing
"Wes Anderson",5228,2,5655,Directing
"David Cronenberg",5229,2,224,Directing
"John Stockwell",5230,2,57082,Directing
"David Gordon Green",5231,2,64141,Directing
"Jim Sheridan",5232,2,53334,Directing
Costa-Gavras,5233,0,27436,Directing
"Patrick Read Johnson",5234,2,56059,Directing
"Richard LaGravenese",5235,2,2163,Directing
"Danny DeVito",5236,2,518,Directing
"George Armitage",5237,0,58294,Directing
"Patrick Lussier",5238,0,27226,Directing
"James Wong",5239,2,57134,Directing
"Richard Curtis",5240,2,7018,Directing
"Chuck Bowman",5241,2,41270,Directing
"Olivier Megaton",5242,2,75035,Directing
"Deepa Mehta",5243,1,4760,Directing
"Warren Beatty",5244,2,6449,Directing
"Penny Marshall",5245,1,14911,Directing
"Ted Kotcheff",5246,2,16544,Directing
"Andrei Tarkovsky",5247,2,8452,Directing
"Yvette Kaplan",5248,0,31093,Directing
"Stephen Frears",5249,0,3224,Directing
"P.J. Hogan",5250,2,3045,Directing
"Brad Furman",5251,2,144221,Directing
"Terence Young",5252,2,9855,Directing
"David Zucker",5253,2,12987,Directing
"Denis Villeneuve",5254,2,137427,Directing
"Thomas Carter",5255,2,52038,Directing
"Roger Michell",5256,2,7017,Directing
"Luis Llosa",5257,2,26648,Directing
"Melville Shavelson",5258,2,16745,Directing
"Garth Jennings",5259,2,52842,Directing
"Joel Zwick",5260,2,54644,Directing
"Russell Mulcahy",5261,2,52968,Directing
"David R. Ellis",5262,2,4755,Directing
"Peter Howitt",5263,2,7791,Directing
"John A. Davis",5264,2,60237,Directing
"David Lynch",5265,2,5602,Directing
"Julie Taymor",5266,1,16391,Directing
"Mathieu Kassovitz",5267,2,2406,Directing
"John Gray",5268,2,35155,Directing
"John Schultz",5269,2,79656,Directing
"Sean Penn",5270,2,2228,Directing
"Susan Stroman",5271,1,60129,Directing
"Simon Wincer",5272,0,18254,Directing
"Billy Bob Thornton",5273,2,879,Directing
"Danny Pang",5274,2,21905,Directing
"George P. Cosmatos",5275,2,16566,Directing
"Oliver Parker",5276,2,56710,Directing
"Lawrence Kasanoff",5277,2,43518,Directing
"Ben Affleck",5278,2,880,Directing
"Brian Gibson",5279,2,18069,Directing
"Ben Sharpsteen",5280,2,11426,Directing
"Michael Cimino",5281,2,12114,Directing
"Paul McGuigan",5282,0,2291,Directing
"Gus Van Sant",5283,2,5216,Directing
"Roger Kumble",5284,2,11873,Directing
"Burr Steers",5285,0,58552,Directing
"Nick Park",5286,2,7314,Directing
"John Hamburg",5287,2,17871,Directing
"Reginald Hudlin",5288,2,68215,Directing
"Joseph L. Mankiewicz",5289,2,10601,Directing
"Barbra Streisand",5290,0,10400,Directing
"Mark Pellington",5291,2,11676,Directing
"John Glen",5292,2,10179,Directing
"Catherine Hardwicke",5293,1,19850,Directing
"John Herzfeld",5294,2,27846,Directing
"Annabel Jankel",5295,0,58164,Directing
"Julie Anne Robinson",5296,1,114597,Directing
"Seth Rogen",5297,2,19274,Directing
"Sngmoo Lee",5298,2,141169,Directing
"Jamel Debbouze",5299,2,2408,Directing
"Gordon Chan",5300,0,64901,Directing
"Asger Leth",5301,0,72344,Directing
"John G. Avildsen",5302,2,16513,Directing
"Anne Fletcher",5303,1,29214,Directing
"Bruce Beresford",5304,2,5696,Directing
"Sam Taylor-Johnson",5305,1,1137903,Directing
"Ken Kwapis",5306,0,29009,Directing
"Wes Craven",5307,2,5140,Directing
"Etan Cohen",5308,0,52803,Directing
"Nick Cassavetes",5309,2,11151,Directing
"Nicholas Stoller",5310,2,52934,Directing
"Mark A.Z. Dippé",5311,0,87130,Directing
"Callan Brunker",5312,0,1098477,Directing
"Nimród Antal",5313,2,41671,Directing
"Alejandro Agresti",5314,2,21031,Directing
"Peter Hedges",5315,2,3290,Directing
"Paul Weiland",5316,2,66548,Directing
"Colin Strause",5317,2,6037,Directing
"Joan Chen",5318,1,6720,Directing
"Greg Mottola",5319,2,54733,Directing
"Jake Kasdan",5320,2,51851,Directing
"Diane Keaton",5321,1,3092,Directing
"Kelly Makin",5322,2,64030,Directing
"Stephen Daldry",5323,2,468,Directing
"Christian Duguay",5324,2,25735,Directing
"Justin Chadwick",5325,2,71570,Directing
"Pat O'Connor",5326,2,19969,Directing
"Frederik Du Chau",5327,2,50582,Directing
"Irwin Winkler",5328,2,11472,Directing
"Joseph Kahn",5329,2,66823,Directing
"Sofia Coppola",5330,1,1769,Directing
"Stephen T. Kay",5331,2,56435,Directing
"Juan Antonio Bayona",5332,2,51894,Directing
"Elaine May",5333,1,58251,Directing
"Dennie Gordon",5334,1,66960,Directing
"Charles Shyer",5335,2,56106,Directing
"Ulu Grosbard",5336,2,140354,Directing
"William Malone",5337,2,57898,Directing
"Malcolm D. Lee",5338,2,72024,Directing
"Jerry Jameson",5339,2,52094,Directing
"Mic Rodgers",5340,2,18889,Directing
"Christian Alvart",5341,2,54559,Directing
"Jean-Marie Poiré",5342,2,64909,Directing
"Marc F. Adler",5343,2,86295,Directing
"Geoffrey Sax",5344,2,61357,Directing
"Richard Shepard",5345,2,44740,Directing
"Peter Chan",5346,2,56739,Directing
"Sergei Bodrov Jr.",5347,2,71871,Directing
"Bong Joon-ho",5348,2,21684,Directing
"Bibo Bergeron",5349,2,65629,Directing
"Jeff Nathanson",5350,2,2689,Directing
"S.S. Rajamouli",5351,2,147021,Directing
"Charles S. Dutton",5352,2,17764,Directing
"Jonathan Lynn",5353,2,21217,Directing
"David Carson",5354,2,2380,Directing
"Wong Kar-wai",5355,2,12453,Directing
"Yuefeng Song",5356,0,1496406,Directing
"Norman Jewison",5357,2,13563,Directing
"David Mirkin",5358,2,58178,Directing
"Luis Mandoki",5359,0,46085,Directing
"Lee Daniels",5360,2,20019,Directing
"Jeb Stuart",5361,2,7671,Directing
"Steve Miner",5362,2,58712,Directing
"Paul Thomas Anderson",5363,2,4762,Directing
"David Leland",5364,2,33317,Directing
"J Blakeson",5365,2,111588,Directing
"Ryan Coogler",5366,2,1056121,Directing
"Kirk Jones",5367,0,64045,Directing
"Jennifer Flackett",5368,1,66218,Directing
"Kevin Smith",5369,2,19303,Directing
"Christian Ditter",5370,2,63820,Directing
"Charles Martin Smith",5371,2,1270,Directing
"Fyodor Bondarchuk",5372,2,80999,Directing
"Irvin Kershner",5373,2,10930,Directing
"Steve Pink",5374,2,3227,Directing
"Scott Hicks",5375,2,33433,Directing
"Kirk De Micco",5376,2,71267,Directing
"Chris Rock",5377,2,2632,Directing
"Wilson Yip",5378,2,63571,Directing
"Robert Wise",5379,2,1744,Directing
"Kevin Rodney Sullivan",5380,2,70777,Directing
"Kevin Munroe",5381,2,19499,Directing
"Mike Tollin",5382,2,53178,Directing
"Patrick Tatopoulos",5383,2,3964,Directing
"Gary David Goldberg",5384,2,70738,Directing
"Tobe Hooper",5385,2,10051,Directing
"Alan Poul",5386,2,113225,Directing
"Luke Greenfield",5387,2,65734,Directing
"Gil Junger",5388,2,40243,Directing
"Michael Ritchie",5389,2,12964,Directing
"Steven E. de Souza",5390,2,1726,Directing
"Alexandre Aja",5391,2,59291,Directing
"Michael Rymer",5392,2,28741,Directing
"Hugh Wilson",5393,2,28904,Directing
"Mike Hodges",5394,0,17281,Directing
"Scott Mann",5395,0,90812,Directing
"Susanna White",5396,0,113600,Directing
"Chris Carter",5397,2,12524,Directing
"Tommy O'Haver",5398,2,62514,Directing
"Peter Landesman",5399,0,1192754,Directing
"Gary Chapman",5400,2,80691,Directing
"Craig Mazin",5401,2,35796,Directing
"Allen Hughes",5402,2,11448,Directing
"Kimble Rendall",5403,0,64163,Directing
"Peter Yates",5404,2,12804,Directing
"Lasse Hallström",5405,2,5306,Directing
"Jean-Marc Vallée",5406,2,69371,Directing
"Tsui Hark",5407,2,26760,Directing
"Lexi Alexander",5408,0,56359,Directing
"Ronny Yu",5409,0,17268,Directing
"Bille August",5410,2,19684,Directing
"Moustapha Akkad",5411,2,66203,Directing
"Jean-Paul Rappeneau",5412,2,25950,Directing
"Joachim Rønning",5413,0,20307,Directing
"Tony Kaye",5414,2,814,Directing
"Ken Scott",5415,0,1375201,Directing
"Hugh Johnson",5416,2,22100,Directing
"Hayao Miyazaki",5417,2,608,Directing
"George Tillman, Jr.",5418,2,66121,Directing
"Rand Ravich",5419,2,29524,Directing
"Hugh Hudson",5420,2,58220,Directing
"Ben Stassen",5421,2,76100,Directing
"Chris Gorak",5422,2,10855,Directing
"Scott Speer",5423,2,932088,Directing
"Joe Charbanic",5424,2,66604,Directing
"Jonathan Hensleigh",5425,2,876,Directing
"Danny Cannon",5426,2,33279,Directing
"Boaz Yakin",5427,2,52358,Directing
"Richard Marquand",5428,2,19800,Directing
"Neil Marshall",5429,2,57581,Directing
"David Wain",5430,2,22214,Directing
"Jared Hess",5431,2,53925,Directing
"Rupert Wainwright",5432,2,11809,Directing
"John Luessenhop",5433,2,97026,Directing
"Justin Zackham",5434,2,52599,Directing
"John Gatins",5435,2,53176,Directing
"Miguel Sapochnik",5436,2,114404,Directing
"Shim Hyung-Rae",5437,2,64331,Directing
"Don Scardino",5438,2,93419,Directing
"Tim Robbins",5439,2,504,Directing
"Tom Reeve",5440,2,43673,Directing
"Nanette Burstein",5441,1,96439,Directing
"Ariel Vromen",5442,2,81476,Directing
"Lewis Gilbert",5443,2,10076,Directing
"John Francis Daley",5444,2,52935,Directing
"J.B. Rogers",5445,0,7409,Directing
"Michael Sucsy",5446,2,566328,Directing
"Tom Vaughan",5447,2,56717,Directing
"Stephen Hillenburg",5448,2,70651,Directing
"Stig Bergqvist",5449,0,80540,Directing
"Jason Reitman",5450,2,52443,Directing
"Alexander Payne",5451,0,13235,Directing
"Jonathan Levine",5452,2,56661,Directing
"Rian Johnson",5453,2,67367,Directing
"Chris Noonan",5454,2,58137,Directing
"Michael McCullers",5455,2,14172,Directing
"Forest Whitaker",5456,2,2178,Directing
"Woody Allen",5457,2,1243,Directing
"Peter Lepeniotis",5458,0,1262197,Directing
"Ted Demme",5459,2,34849,Directing
"William Shatner",5460,2,1748,Directing
"James Gartner",5461,2,60496,Directing
"Lee Toland Krieger",5462,2,109745,Directing
"Tim McCanlies",5463,2,77919,Directing
"Drew Goddard",5464,2,47506,Directing
"Jason Friedberg",5465,2,35694,Directing
"Paul Michael Glaser",5466,2,12988,Directing
"John R. Leonetti",5467,2,26714,Directing
"Tom Hanks",5468,2,31,Directing
"Kimberly Peirce",5469,0,2836,Directing
"Liz Friedlander",5470,1,60024,Directing
"Phil Joanou",5471,2,18500,Directing
"Shane Acker",5472,2,71923,Directing
"Martha Coolidge",5473,1,63713,Directing
"Stephen Anderson",5474,0,227438,Directing
"Troy Miller",5475,2,58868,Directing
"Tate Taylor",5476,2,55789,Directing
"Brett Leonard",5477,0,57090,Directing
"Alister Grierson",5478,0,59126,Directing
"Nick Hurran",5479,2,42274,Directing
"Charles Stone III",5480,2,80215,Directing
"Paul Haggis",5481,2,455,Directing
"Kurt Wimmer",5482,2,13927,Directing
"Jean-François Richet",5483,0,58324,Directing
"Kevin Hooks",5484,2,40230,Directing
"Ellory Elkayem",5485,2,56150,Directing
"Niki Caro",5486,1,15287,Directing
"Vincenzo Natali",5487,2,5877,Directing
"Willard Huyck",5488,2,686,Directing
"Gavin O'Connor",5489,2,77003,Directing
"Bruce Hunt",5490,2,44179,Directing
"Christopher Roberts",5491,2,20305,Directing
"Kim Jee-woon",5492,0,543568,Directing
"Nick Hamm",5493,2,6361,Directing
"Andy Cadiff",5494,2,80307,Directing
"Mike Disa",5495,0,108952,Directing
"Richard J. Lewis",5496,2,137475,Directing
"Sergio Leone",5497,2,4385,Directing
"Niels Arden Oplev",5498,2,19346,Directing
"Michael Radford",5499,2,28898,Directing
"Steve Boyum",5500,2,72258,Directing
"Chen Kaige",5501,2,20640,Directing
"Corey Yuen Kwai",5502,0,35452,Directing
"Andrew Dominik",5503,2,37618,Directing
"Jackie Chan",5504,2,18897,Directing
"Laurent Tirard",5505,0,64575,Directing
"Reinhard Klooss",5506,2,57035,Directing
"Frédéric Auburtin",5507,2,21126,Directing
"Olivier Dahan",5508,2,16919,Directing
"Maksim Fadeev",5509,0,1565981,Directing
"Liliana Cavani",5510,1,67750,Directing
"Elizabeth Banks",5511,1,9281,Directing
"Edward Norton",5512,2,819,Directing
"Ben Falcone",5513,2,170820,Directing
"Richard Attenborough",5514,2,4786,Directing
"Don Mancini",5515,2,65677,Directing
"John Maybury",5516,2,40307,Directing
"Norton Virgien",5517,2,86439,Directing
"Shinji Aramaki",5518,0,70100,Directing
"Miguel Arteta",5519,2,61069,Directing
"James Gray",5520,2,20561,Directing
"Janusz Kaminski",5521,2,492,Directing
"Robert B. Weide",5522,0,74159,Directing
"Jeff Wadlow",5523,2,55075,Directing
"Agustín Díaz Yanes",5524,0,127823,Directing
"Camille Delamarre",5525,0,928490,Directing
"David Lean",5526,2,12238,Directing
"Richard Eyre",5527,2,36693,Directing
"Nicholas Meyer",5528,2,1788,Directing
"Callie Khouri",5529,1,17397,Directing
"Sanaa Hamri",5530,1,64140,Directing
"Todd Graff",5531,2,18342,Directing
"Philip Kaufman",5532,2,648,Directing
"Saul Dibb",5533,2,73460,Directing
"Walter Murch",5534,2,154,Directing
"Richard Linklater",5535,2,564,Directing
"E. Elias Merhige",5536,0,17279,Directing
"Menno Meyjes",5537,2,736,Directing
"Jodie Foster",5538,1,1038,Directing
"Scott Frank",5539,2,2199,Directing
"Kevin Allen",5540,2,36083,Directing
"Michael Cristofer",5541,2,21136,Directing
"Andrew Morahan",5542,2,53599,Directing
"Bob Rafelson",5543,2,19450,Directing
"Michael Cohn",5544,2,56956,Directing
"Alan Shapiro",5545,2,129941,Directing
"Fernando Meirelles",5546,2,8557,Directing
"Michael Hoffman",5547,2,52405,Directing
"Oleg Stepchenko",5548,0,238220,Directing
"Michael Winterbottom",5549,2,172,Directing
"Michael Pressman",5550,2,59649,Directing
"Sharon Maguire",5551,1,9158,Directing
"Charles Herman-Wurmfeld",5552,2,76247,Directing
"Gábor Csupó",5553,2,36697,Directing
"Tyler Perry",5554,2,80602,Directing
"Joe Carnahan",5555,2,40223,Directing
"John Polson",5556,2,15337,Directing
"Bernardo Bertolucci",5557,2,4956,Directing
"Cathy Malkasian",5558,1,78488,Directing
"Chris Nahon",5559,2,21931,Directing
"Fred Wolf",5560,2,66563,Directing
"Bille Woodruff",5561,0,62116,Directing
"Victor Salva",5562,2,56349,Directing
"Mark Helfrich",5563,2,1098,Directing
"Steve Bendelack",5564,2,16356,Directing
"Dwight H. Little",5565,0,56998,Directing
"Guillaume Canet",5566,2,19866,Directing
"Kirsten Sheridan",5567,1,41285,Directing
"Richard Fleischer",5568,0,2087,Directing
"Bob Spiers",5569,2,47974,Directing
"Damien Dante Wayans",5570,2,59229,Directing
"John Wells",5571,2,47333,Directing
"Tim Fywell",5572,0,125544,Directing
"Nigel Cole",5573,2,24248,Directing
"Dexter Fletcher",5574,2,974,Directing
"Jeremy Leven",5575,2,25210,Directing
"Sylvain White",5576,2,31119,Directing
"Troy Nixey",5577,2,135601,Directing
"Philip G. Atwell",5578,2,65190,Directing
"Jeff Schaffer",5579,2,57405,Directing
"James Bridges",5580,2,14838,Directing
"Steve Barron",5581,2,18308,Directing
"Bill Paxton",5582,2,2053,Directing
"Richard Kelly",5583,2,1577,Directing
"Carter Smith",5584,0,68352,Directing
"John Schlesinger",5585,2,19304,Directing
"Ringo Lam",5586,2,26767,Directing
"Bruce McCulloch",5587,2,73499,Directing
"Patricia Riggen",5588,0,437833,Directing
"Pascal Chaumeil",5589,2,8392,Directing
"Jonathan Kaplan",5590,2,42171,Directing
"Ole Bornedal",5591,2,22676,Directing
"Richard Benjamin",5592,2,24318,Directing
"Craig R. Baxley",5593,2,63709,Directing
"John Hillcoat",5594,2,53333,Directing
"John Guillermin",5595,2,6778,Directing
"Marcos Siega",5596,2,74062,Directing
"Rachel Talalay",5597,1,56891,Directing
"Jeffrey W. Byrd",5598,0,109695,Directing
"Atom Egoyan",5599,2,56205,Directing
"Robert Towne",5600,2,11057,Directing
"Giuseppe Tornatore",5601,0,65314,Directing
"Werner Herzog",5602,2,6818,Directing
"Jérôme Deschamps",5603,0,93592,Directing
"Inna Evlannikova",5604,1,115999,Directing
"Jonathan English",5605,2,83730,Directing
"Sergey Bondarchuk",5606,2,38131,Directing
"Teddy Chan",5607,0,70703,Directing
"Mario Van Peebles",5608,2,16214,Directing
"Leonard Nimoy",5609,2,1749,Directing
"Herbert Ross",5610,0,18378,Directing
"Bonnie Hunt",5611,1,5149,Directing
"Neil LaBute",5612,2,58689,Directing
"Grant Heslov",5613,2,31511,Directing
"George Gallo",5614,2,21792,Directing
"Sidney Lumet",5615,0,39996,Directing
"Douglas McGrath",5616,2,32983,Directing
"Kevin Spacey",5617,2,1979,Directing
"Richard Williams",5618,0,116100,Directing
"Mary McGuckian",5619,1,130482,Directing
"Tony Goldwyn",5620,2,3417,Directing
"Jonathan Newman",5621,2,558177,Directing
"Michael Dinner",5622,2,84165,Directing
"Joseph Sargent",5623,2,15663,Directing
"Jerry Zaks",5624,2,59635,Directing
"Fred Durst",5625,2,29783,Directing
"Anne Fontaine",5626,1,48583,Directing
"Jon Cassar",5627,0,25873,Directing
"Mira Nair",5628,1,6495,Directing
"Mel Brooks",5629,2,14639,Directing
"Russell Crowe",5630,2,934,Directing
"Jessie Nelson",5631,1,16853,Directing
"Christopher Spencer",5632,0,235820,Directing
"Mike Bigelow",5633,2,69498,Directing
"Daniel Sackheim",5634,2,12632,Directing
"Deborah Kaplan",5635,1,13614,Directing
"Uli Edel",5636,0,15868,Directing
"Fred Dekker",5637,2,44056,Directing
"Brian Trenchard-Smith",5638,0,84981,Directing
"Blake Edwards",5639,2,1927,Directing
"Laurence Dunmore",5640,0,52894,Directing
"Christian Carion",5641,2,70221,Directing
"Dax Shepard",5642,2,51298,Directing
"Rowan Joffe",5643,2,17608,Directing
"John Curran",5644,2,96166,Directing
"Juan José Campanella",5645,2,84714,Directing
"Trey Parker",5646,2,34517,Directing
"Stuart Gillard",5647,2,76418,Directing
"Katt Shea",5648,1,102634,Directing
"Joshua Michael Stern",5649,2,64139,Directing
"Tomas Alfredson",5650,2,74396,Directing
"John Duigan",5651,2,72624,Directing
"Colin Higgins",5652,2,4967,Directing
"Jim Sonzero",5653,2,58514,Directing
"Penelope Spheeris",5654,0,58448,Directing
"Jeff Tremaine",5655,2,56578,Directing
"Jeannot Szwarc",5656,2,16187,Directing
"Steve McQueen",5657,2,72757,Directing
"Thea Sharrock",5658,1,1096867,Directing
"Jon Lucas",5659,2,52114,Directing
"Robin Budd",5660,0,1027737,Directing
"Ava DuVernay",5661,1,929825,Directing
"Steve Trenbirth",5662,0,142007,Directing
"Mennan Yapo",5663,0,61087,Directing
"Jun Falkenstein",5664,1,93301,Directing
"Tom McCarthy",5665,0,17867,Directing
"Takashi Shimizu",5666,2,20310,Directing
"Gary Nelson",5667,2,47893,Directing
"Anton Corbijn",5668,2,45052,Directing
"Gregory Nava",5669,2,16395,Directing
"John Patrick Shanley",5670,2,26095,Directing
"Joshua Logan",5671,2,86051,Directing
"Steve Beck",5672,2,57521,Directing
"Todd Strauss-Schulson",5673,2,222470,Directing
"John McNaughton",5674,2,9200,Directing
"Nelson McCormick",5675,2,45627,Directing
"Eric Valette",5676,0,51445,Directing
"Andrew Fleming",5677,2,41549,Directing
"Michael Spierig",5678,2,56501,Directing
"Jim Field Smith",5679,2,111686,Directing
"Thomas Bezucha",5680,2,56789,Directing
"William Brent Bell",5681,2,62768,Directing
"Ben Gluck",5682,2,61970,Directing
"Jessica Bendinger",5683,1,53014,Directing
"Henry Joost",5684,2,142272,Directing
"Ed Harris",5685,2,228,Directing
"Alfred Hitchcock",5686,2,2636,Directing
"Shana Feste",5687,0,129718,Directing
"Steve Rash",5688,2,54590,Directing
"Mike Binder",5689,2,24173,Directing
"Michael J. Bassett",5690,2,69593,Directing
"Frank Nissen",5691,2,73161,Directing
"Stephen Chow",5692,2,57607,Directing
"Peter Hastings",5693,2,64149,Directing
"Paul Abascal",5694,2,1216735,Directing
"Chris Koch",5695,2,58059,Directing
"Amy Heckerling",5696,1,57434,Directing
"Michael Moore",5697,2,17087,Directing
"George Stevens",5698,2,18738,Directing
"Billy Ray",5699,2,21807,Directing
"Mark Mylod",5700,2,57199,Directing
"Stephen St. Leger",5701,0,936154,Directing
"Michael O. Sajbel",5702,2,87178,Directing
"Charles T. Kanganis",5703,2,36147,Directing
"Damon Santostefano",5704,2,66039,Directing
"Bob Clark",5705,2,12698,Directing
"Frank Passingham",5706,2,53332,Directing
"Benson Lee",5707,0,1046142,Directing
"Glen Morgan",5708,2,58403,Directing
"Mike Leigh",5709,2,65452,Directing
"Alejandro Monteverde",5710,0,72960,Directing
"Jonathan Glazer",5711,2,66728,Directing
"J.C. Chandor",5712,0,556172,Directing
"Paul Gross",5713,2,84021,Directing
"Marc Abraham",5714,2,15219,Directing
"Todd Haynes",5715,2,16863,Directing
"Mabrouk El Mechri",5716,2,74924,Directing
"Charlie Kaufman",5717,2,202,Directing
"Nancy Walker",5718,1,47503,Directing
"Angelo Pizzo",5719,0,44848,Directing
"Matthew Diamond",5720,2,116370,Directing
"Katsuhiro Otomo",5721,2,185,Directing
"David Anspaugh",5722,2,44847,Directing
"Andrew Jarecki",5723,2,23287,Directing
"Daniel Algrant",5724,2,69696,Directing
"Mike Barker",5725,2,77964,Directing
"Wayne Thornley",5726,0,1098107,Directing
"Gnana Rajasekaran",5727,0,1339129,Directing
"Tom Walsh",5728,0,1275019,Directing
"Jonathan Jakubowicz",5729,0,57454,Directing
"Scott Walker",5730,0,1179590,Directing
"Mark Rosman",5731,2,68770,Directing
"Rob Hawk",5732,0,1585252,Directing
"Britt Allcroft",5733,0,113733,Directing
"Alan Yuen",5734,0,70110,Directing
"Brian Percival",5735,2,126945,Directing
"Anand Tucker",5736,2,26481,Directing
"Anthony Mann",5737,2,40199,Directing
"Michael Dowse",5738,2,71280,Directing
"Daniel Barnz",5739,2,84061,Directing
"Emile Ardolino",5740,2,716,Directing
"Robert Altman",5741,2,9789,Directing
"James Schamus",5742,0,1617,Directing
"Andrew Douglas",5743,2,62721,Directing
"Ricky Gervais",5744,2,17835,Directing
"Vic Armstrong",5745,2,15358,Directing
"Terry Zwigoff",5746,0,17447,Directing
"Audrey Wells",5747,1,36805,Directing
"Rick Friedberg",5748,2,65548,Directing
"Sean McNamara",5749,2,129952,Directing
"Jody Hill",5750,2,54710,Directing
"Brandon Camp",5751,2,62541,Directing
"Kevin Tancharoen",5752,2,101518,Directing
"Nicholas Hytner",5753,2,55476,Directing
"Bart Freundlich",5754,2,86203,Directing
"William A. Fraker",5755,2,12846,Directing
"John Boorman",5756,2,19665,Directing
"Courtney Solomon",5757,2,61921,Directing
"Jeff Kanew",5758,2,67897,Directing
"István Szabó",5759,0,225898,Directing
"Matthew Robbins",5760,2,12677,Directing
"Hal Needham",5761,2,67767,Directing
